x-axis,1
second,Volt
-992.52E-03,+4.86570E+00
-991.52E-03,+4.86570E+00
-990.52E-03,+4.86570E+00
-989.52E-03,+4.80540E+00
-988.52E-03,+4.82550E+00
-987.52E-03,+4.82550E+00
-986.52E-03,+4.82550E+00
-985.52E-03,+4.80540E+00
-984.52E-03,+4.80540E+00
-983.52E-03,+4.80540E+00
-982.52E-03,+4.80540E+00
-981.52E-03,+4.86570E+00
-980.52E-03,+4.80540E+00
-979.52E-03,+4.80540E+00
-978.52E-03,+4.86570E+00
-977.52E-03,+4.80540E+00
-976.52E-03,+4.86570E+00
-975.52E-03,+4.80540E+00
-974.52E-03,+4.88580E+00
-973.52E-03,+4.80540E+00
-972.52E-03,+4.86570E+00
-971.52E-03,+4.86570E+00
-970.52E-03,+4.86570E+00
-969.52E-03,+4.86570E+00
-968.52E-03,+4.80540E+00
-967.52E-03,+4.88580E+00
-966.52E-03,+4.80540E+00
-965.52E-03,+4.86570E+00
-964.52E-03,+4.80540E+00
-963.52E-03,+4.80540E+00
-962.52E-03,+4.82550E+00
-961.52E-03,+4.80540E+00
-960.52E-03,+4.80540E+00
-959.52E-03,+4.80540E+00
-958.52E-03,+4.80540E+00
-957.52E-03,+4.80540E+00
-956.52E-03,+4.86570E+00
-955.52E-03,+4.80540E+00
-954.52E-03,+4.80540E+00
-953.52E-03,+4.86570E+00
-952.52E-03,+4.82550E+00
-951.52E-03,+4.82550E+00
-950.52E-03,+4.82550E+00
-949.52E-03,+4.86570E+00
-948.52E-03,+4.88580E+00
-947.52E-03,+4.80540E+00
-946.52E-03,+4.86570E+00
-945.52E-03,+4.80540E+00
-944.52E-03,+4.80540E+00
-943.52E-03,+4.86570E+00
-942.52E-03,+4.80540E+00
-941.52E-03,+4.80540E+00
-940.52E-03,+4.82550E+00
-939.52E-03,+4.80540E+00
-938.52E-03,+4.80540E+00
-937.52E-03,+4.86570E+00
-936.52E-03,+4.80540E+00
-935.52E-03,+4.86570E+00
-934.52E-03,+4.88580E+00
-933.52E-03,+4.86570E+00
-932.52E-03,+4.82550E+00
-931.52E-03,+4.80540E+00
-930.52E-03,+4.82550E+00
-929.52E-03,+4.86570E+00
-928.52E-03,+4.80540E+00
-927.52E-03,+4.88580E+00
-926.52E-03,+4.82550E+00
-925.52E-03,+4.86570E+00
-924.52E-03,+4.86570E+00
-923.52E-03,+4.86570E+00
-922.52E-03,+4.80540E+00
-921.52E-03,+4.80540E+00
-920.52E-03,+4.80540E+00
-919.52E-03,+4.80540E+00
-918.52E-03,+4.80540E+00
-917.52E-03,+4.80540E+00
-916.52E-03,+4.80540E+00
-915.52E-03,+4.88580E+00
-914.52E-03,+4.80540E+00
-913.52E-03,+4.86570E+00
-912.52E-03,+4.80540E+00
-911.52E-03,+4.86570E+00
-910.52E-03,+4.80540E+00
-909.52E-03,+4.80540E+00
-908.52E-03,+4.86570E+00
-907.52E-03,+4.80540E+00
-906.52E-03,+4.80540E+00
-905.52E-03,+4.80540E+00
-904.52E-03,+4.80540E+00
-903.52E-03,+4.82550E+00
-902.52E-03,+4.80540E+00
-901.52E-03,+4.80540E+00
-900.52E-03,+4.80540E+00
-899.52E-03,+4.86570E+00
-898.52E-03,+4.86570E+00
-897.52E-03,+4.80540E+00
-896.52E-03,+4.80540E+00
-895.52E-03,+4.88580E+00
-894.52E-03,+4.80540E+00
-893.52E-03,+4.82550E+00
-892.52E-03,+4.80540E+00
-891.52E-03,+4.80540E+00
-890.52E-03,+4.80540E+00
-889.52E-03,+4.86570E+00
-888.52E-03,+4.82550E+00
-887.52E-03,+4.80540E+00
-886.52E-03,+4.86570E+00
-885.52E-03,+4.80540E+00
-884.52E-03,+4.82550E+00
-883.52E-03,+4.86570E+00
-882.52E-03,+4.88580E+00
-881.52E-03,+4.80540E+00
-880.52E-03,+4.82550E+00
-879.52E-03,+4.80540E+00
-878.52E-03,+4.82550E+00
-877.52E-03,+4.82550E+00
-876.52E-03,+4.88580E+00
-875.52E-03,+4.80540E+00
-874.52E-03,+4.82550E+00
-873.52E-03,+4.80540E+00
-872.52E-03,+4.80540E+00
-871.52E-03,+4.88580E+00
-870.52E-03,+4.80540E+00
-869.52E-03,+4.86570E+00
-868.52E-03,+4.82550E+00
-867.52E-03,+4.80540E+00
-866.52E-03,+4.82550E+00
-865.52E-03,+4.82550E+00
-864.52E-03,+4.80540E+00
-863.52E-03,+4.86570E+00
-862.52E-03,+4.82550E+00
-861.52E-03,+4.86570E+00
-860.52E-03,+4.82550E+00
-859.52E-03,+4.80540E+00
-858.52E-03,+4.88580E+00
-857.52E-03,+4.86570E+00
-856.52E-03,+4.86570E+00
-855.52E-03,+4.86570E+00
-854.52E-03,+4.82550E+00
-853.52E-03,+4.82550E+00
-852.52E-03,+4.80540E+00
-851.52E-03,+4.80540E+00
-850.52E-03,+4.80540E+00
-849.52E-03,+4.86570E+00
-848.52E-03,+4.80540E+00
-847.52E-03,+4.86570E+00
-846.52E-03,+4.86570E+00
-845.52E-03,+4.86570E+00
-844.52E-03,+4.80540E+00
-843.52E-03,+4.82550E+00
-842.52E-03,+4.86570E+00
-841.52E-03,+4.86570E+00
-840.52E-03,+4.86570E+00
-839.52E-03,+4.82550E+00
-838.52E-03,+4.82550E+00
-837.52E-03,+4.80540E+00
-836.52E-03,+4.88580E+00
-835.52E-03,+4.88580E+00
-834.52E-03,+4.80540E+00
-833.52E-03,-18.72E-03
-832.52E-03,-18.72E-03
-831.52E-03,+41.58E-03
-830.52E-03,-18.72E-03
-829.52E-03,+61.68E-03
-828.52E-03,+1.38E-03
-827.52E-03,-18.72E-03
-826.52E-03,+41.58E-03
-825.52E-03,-18.72E-03
-824.52E-03,+1.38E-03
-823.52E-03,+1.38E-03
-822.52E-03,+41.58E-03
-821.52E-03,+41.58E-03
-820.52E-03,-18.72E-03
-819.52E-03,+61.68E-03
-818.52E-03,+1.38E-03
-817.52E-03,+61.68E-03
-816.52E-03,+61.68E-03
-815.52E-03,+1.38E-03
-814.52E-03,+1.38E-03
-813.52E-03,+1.38E-03
-812.52E-03,+61.68E-03
-811.52E-03,+1.38E-03
-810.52E-03,-18.72E-03
-809.52E-03,-18.72E-03
-808.52E-03,+41.58E-03
-807.52E-03,+1.38E-03
-806.52E-03,-18.72E-03
-805.52E-03,-18.72E-03
-804.52E-03,+41.58E-03
-803.52E-03,-18.72E-03
-802.52E-03,+1.38E-03
-801.52E-03,-18.72E-03
-800.52E-03,-18.72E-03
-799.52E-03,-18.72E-03
-798.52E-03,-18.72E-03
-797.52E-03,-18.72E-03
-796.52E-03,+41.58E-03
-795.52E-03,+41.58E-03
-794.52E-03,+1.38E-03
-793.52E-03,+41.58E-03
-792.52E-03,-18.72E-03
-791.52E-03,+1.38E-03
-790.52E-03,+1.38E-03
-789.52E-03,+41.58E-03
-788.52E-03,+41.58E-03
-787.52E-03,+61.68E-03
-786.52E-03,+1.38E-03
-785.52E-03,+61.68E-03
-784.52E-03,-18.72E-03
-783.52E-03,+1.38E-03
-782.52E-03,+41.58E-03
-781.52E-03,+61.68E-03
-780.52E-03,-18.72E-03
-779.52E-03,+41.58E-03
-778.52E-03,+61.68E-03
-777.52E-03,+41.58E-03
-776.52E-03,-18.72E-03
-775.52E-03,-18.72E-03
-774.52E-03,+41.58E-03
-773.52E-03,+61.68E-03
-772.52E-03,+1.38E-03
-771.52E-03,-18.72E-03
-770.52E-03,+41.58E-03
-769.52E-03,+41.58E-03
-768.52E-03,+41.58E-03
-767.52E-03,+41.58E-03
-766.52E-03,+1.38E-03
-765.52E-03,+41.58E-03
-764.52E-03,+61.68E-03
-763.52E-03,-18.72E-03
-762.52E-03,+1.38E-03
-761.52E-03,-18.72E-03
-760.52E-03,-18.72E-03
-759.52E-03,-18.72E-03
-758.52E-03,+41.58E-03
-757.52E-03,+41.58E-03
-756.52E-03,+41.58E-03
-755.52E-03,+41.58E-03
-754.52E-03,-18.72E-03
-753.52E-03,-18.72E-03
-752.52E-03,+41.58E-03
-751.52E-03,-18.72E-03
-750.52E-03,-18.72E-03
-749.52E-03,+41.58E-03
-748.52E-03,-18.72E-03
-747.52E-03,+1.38E-03
-746.52E-03,-18.72E-03
-745.52E-03,+1.38E-03
-744.52E-03,+41.58E-03
-743.52E-03,+41.58E-03
-742.52E-03,+61.68E-03
-741.52E-03,+41.58E-03
-740.52E-03,-18.72E-03
-739.52E-03,-18.72E-03
-738.52E-03,+1.38E-03
-737.52E-03,+41.58E-03
-736.52E-03,+41.58E-03
-735.52E-03,-18.72E-03
-734.52E-03,+41.58E-03
-733.52E-03,+41.58E-03
-732.52E-03,+1.38E-03
-731.52E-03,-18.72E-03
-730.52E-03,+41.58E-03
-729.52E-03,+41.58E-03
-728.52E-03,+1.38E-03
-727.52E-03,-18.72E-03
-726.52E-03,+1.38E-03
-725.52E-03,-18.72E-03
-724.52E-03,+61.68E-03
-723.52E-03,-18.72E-03
-722.52E-03,+61.68E-03
-721.52E-03,+1.38E-03
-720.52E-03,-18.72E-03
-719.52E-03,-18.72E-03
-718.52E-03,-18.72E-03
-717.52E-03,+41.58E-03
-716.52E-03,+41.58E-03
-715.52E-03,+41.58E-03
-714.52E-03,+41.58E-03
-713.52E-03,+61.68E-03
-712.52E-03,+61.68E-03
-711.52E-03,-18.72E-03
-710.52E-03,+1.38E-03
-709.52E-03,+41.58E-03
-708.52E-03,+1.38E-03
-707.52E-03,+61.68E-03
-706.52E-03,-18.72E-03
-705.52E-03,-18.72E-03
-704.52E-03,+61.68E-03
-703.52E-03,-18.72E-03
-702.52E-03,+1.38E-03
-701.52E-03,+1.38E-03
-700.52E-03,-18.72E-03
-699.52E-03,+61.68E-03
-698.52E-03,-18.72E-03
-697.52E-03,-18.72E-03
-696.52E-03,-18.72E-03
-695.52E-03,+1.38E-03
-694.52E-03,+61.68E-03
-693.52E-03,-18.72E-03
-692.52E-03,+41.58E-03
-691.52E-03,-18.72E-03
-690.52E-03,+41.58E-03
-689.52E-03,-18.72E-03
-688.52E-03,+1.38E-03
-687.52E-03,-18.72E-03
-686.52E-03,-18.72E-03
-685.52E-03,+41.58E-03
-684.52E-03,+41.58E-03
-683.52E-03,+41.58E-03
-682.52E-03,+1.38E-03
-681.52E-03,-18.72E-03
-680.52E-03,+41.58E-03
-679.52E-03,-18.72E-03
-678.52E-03,-18.72E-03
-677.52E-03,+41.58E-03
-676.52E-03,+41.58E-03
-675.52E-03,+41.58E-03
-674.52E-03,-18.72E-03
-673.52E-03,-18.72E-03
-672.52E-03,-18.72E-03
-671.52E-03,-18.72E-03
-670.52E-03,+1.38E-03
-669.52E-03,+41.58E-03
-668.52E-03,-18.72E-03
-667.52E-03,+1.38E-03
-666.52E-03,-18.72E-03
-665.52E-03,-18.72E-03
-664.52E-03,+1.38E-03
-663.52E-03,-18.72E-03
-662.52E-03,+41.58E-03
-661.52E-03,+41.58E-03
-660.52E-03,+41.58E-03
-659.52E-03,+41.58E-03
-658.52E-03,+41.58E-03
-657.52E-03,+41.58E-03
-656.52E-03,+1.38E-03
-655.52E-03,-18.72E-03
-654.52E-03,+41.58E-03
-653.52E-03,+1.38E-03
-652.52E-03,-18.72E-03
-651.52E-03,+41.58E-03
-650.52E-03,+1.38E-03
-649.52E-03,+1.38E-03
-648.52E-03,+41.58E-03
-647.52E-03,+584.30E-03
-646.52E-03,+4.80540E+00
-645.52E-03,+4.86570E+00
-644.52E-03,+4.86570E+00
-643.52E-03,+4.80540E+00
-642.52E-03,+4.80540E+00
-641.52E-03,+4.88580E+00
-640.52E-03,+4.82550E+00
-639.52E-03,+4.80540E+00
-638.52E-03,+4.80540E+00
-637.52E-03,+4.88580E+00
-636.52E-03,+4.80540E+00
-635.52E-03,+4.80540E+00
-634.52E-03,+4.82550E+00
-633.52E-03,+4.82550E+00
-632.52E-03,+4.86570E+00
-631.52E-03,+4.82550E+00
-630.52E-03,+4.80540E+00
-629.52E-03,+4.80540E+00
-628.52E-03,+4.80540E+00
-627.52E-03,+4.80540E+00
-626.52E-03,+1.38E-03
-625.52E-03,+41.58E-03
-624.52E-03,+41.58E-03
-623.52E-03,+1.38E-03
-622.52E-03,+41.58E-03
-621.52E-03,-18.72E-03
-620.52E-03,+41.58E-03
-619.52E-03,-18.72E-03
-618.52E-03,+61.68E-03
-617.52E-03,+41.58E-03
-616.52E-03,-18.72E-03
-615.52E-03,+1.38E-03
-614.52E-03,-18.72E-03
-613.52E-03,+1.38E-03
-612.52E-03,+61.68E-03
-611.52E-03,+41.58E-03
-610.52E-03,+41.58E-03
-609.52E-03,+1.38E-03
-608.52E-03,+41.58E-03
-607.52E-03,+61.68E-03
-606.52E-03,-18.72E-03
-605.52E-03,-18.72E-03
-604.52E-03,-18.72E-03
-603.52E-03,-18.72E-03
-602.52E-03,-18.72E-03
-601.52E-03,+1.38E-03
-600.52E-03,+1.38E-03
-599.52E-03,+61.68E-03
-598.52E-03,-18.72E-03
-597.52E-03,-18.72E-03
-596.52E-03,+1.38E-03
-595.52E-03,-18.72E-03
-594.52E-03,+41.58E-03
-593.52E-03,-18.72E-03
-592.52E-03,-18.72E-03
-591.52E-03,+41.58E-03
-590.52E-03,-18.72E-03
-589.52E-03,+61.68E-03
-588.52E-03,+1.38E-03
-587.52E-03,-18.72E-03
-586.52E-03,-18.72E-03
-585.52E-03,+1.38E-03
-584.52E-03,-18.72E-03
-583.52E-03,+1.38E-03
-582.52E-03,-18.72E-03
-581.52E-03,+41.58E-03
-580.52E-03,-18.72E-03
-579.52E-03,+1.38E-03
-578.52E-03,+61.68E-03
-577.52E-03,+41.58E-03
-576.52E-03,-18.72E-03
-575.52E-03,+1.38E-03
-574.52E-03,+61.68E-03
-573.52E-03,+41.58E-03
-572.52E-03,+1.38E-03
-571.52E-03,+1.38E-03
-570.52E-03,+61.68E-03
-569.52E-03,-18.72E-03
-568.52E-03,-18.72E-03
-567.52E-03,+1.38E-03
-566.52E-03,-18.72E-03
-565.52E-03,+1.38E-03
-564.52E-03,-18.72E-03
-563.52E-03,+41.58E-03
-562.52E-03,-18.72E-03
-561.52E-03,-18.72E-03
-560.52E-03,-18.72E-03
-559.52E-03,+1.38E-03
-558.52E-03,-18.72E-03
-557.52E-03,-18.72E-03
-556.52E-03,+41.58E-03
-555.52E-03,+41.58E-03
-554.52E-03,+41.58E-03
-553.52E-03,+61.68E-03
-552.52E-03,+1.38E-03
-551.52E-03,+41.58E-03
-550.52E-03,+1.38E-03
-549.52E-03,+61.68E-03
-548.52E-03,+41.58E-03
-547.52E-03,+61.68E-03
-546.52E-03,+1.38E-03
-545.52E-03,-18.72E-03
-544.52E-03,+1.38E-03
-543.52E-03,-18.72E-03
-542.52E-03,-18.72E-03
-541.52E-03,-18.72E-03
-540.52E-03,-18.72E-03
-539.52E-03,+1.38E-03
-538.52E-03,+41.58E-03
-537.52E-03,-18.72E-03
-536.52E-03,-18.72E-03
-535.52E-03,+4.82550E+00
-534.52E-03,+4.82550E+00
-533.52E-03,+4.88580E+00
-532.52E-03,+4.82550E+00
-531.52E-03,+4.80540E+00
-530.52E-03,+4.80540E+00
-529.52E-03,+4.80540E+00
-528.52E-03,+4.80540E+00
-527.52E-03,+4.80540E+00
-526.52E-03,+4.80540E+00
-525.52E-03,+4.88580E+00
-524.52E-03,+4.80540E+00
-523.52E-03,+4.80540E+00
-522.52E-03,+4.82550E+00
-521.52E-03,+4.82550E+00
-520.52E-03,+4.86570E+00
-519.52E-03,+4.82550E+00
-518.52E-03,+4.86570E+00
-517.52E-03,+4.80540E+00
-516.52E-03,+4.80540E+00
-515.52E-03,+4.86570E+00
-514.52E-03,+4.86570E+00
-513.52E-03,+4.80540E+00
-512.52E-03,+4.86570E+00
-511.52E-03,+4.82550E+00
-510.52E-03,+4.82550E+00
-509.52E-03,+4.82550E+00
-508.52E-03,+4.86570E+00
-507.52E-03,-18.72E-03
-506.52E-03,-18.72E-03
-505.52E-03,-18.72E-03
-504.52E-03,+41.58E-03
-503.52E-03,-18.72E-03
-502.52E-03,+1.38E-03
-501.52E-03,+41.58E-03
-500.52E-03,+1.38E-03
-499.52E-03,+41.58E-03
-498.52E-03,-18.72E-03
-497.52E-03,+41.58E-03
-496.52E-03,+41.58E-03
-495.52E-03,+41.58E-03
-494.52E-03,-18.72E-03
-493.52E-03,+61.68E-03
-492.52E-03,+41.58E-03
-491.52E-03,+41.58E-03
-490.52E-03,+1.38E-03
-489.52E-03,+61.68E-03
-488.52E-03,-18.72E-03
-487.52E-03,+41.58E-03
-486.52E-03,+41.58E-03
-485.52E-03,+1.38E-03
-484.52E-03,+1.38E-03
-483.52E-03,+41.58E-03
-482.52E-03,-18.72E-03
-481.52E-03,+41.58E-03
-480.52E-03,+1.38E-03
-479.52E-03,+1.38E-03
-478.52E-03,-18.72E-03
-477.52E-03,-18.72E-03
-476.52E-03,+41.58E-03
-475.52E-03,+41.58E-03
-474.52E-03,-18.72E-03
-473.52E-03,+41.58E-03
-472.52E-03,+41.58E-03
-471.52E-03,+41.58E-03
-470.52E-03,+41.58E-03
-469.52E-03,+61.68E-03
-468.52E-03,+61.68E-03
-467.52E-03,-18.72E-03
-466.52E-03,+41.58E-03
-465.52E-03,+41.58E-03
-464.52E-03,+61.68E-03
-463.52E-03,+41.58E-03
-462.52E-03,+1.38E-03
-461.52E-03,+61.68E-03
-460.52E-03,+1.38E-03
-459.52E-03,-18.72E-03
-458.52E-03,+1.38E-03
-457.52E-03,-18.72E-03
-456.52E-03,+61.68E-03
-455.52E-03,+41.58E-03
-454.52E-03,-18.72E-03
-453.52E-03,+61.68E-03
-452.52E-03,+1.38E-03
-451.52E-03,+1.38E-03
-450.52E-03,-18.72E-03
-449.52E-03,-18.72E-03
-448.52E-03,+1.38E-03
-447.52E-03,+41.58E-03
-446.52E-03,-18.72E-03
-445.52E-03,+61.68E-03
-444.52E-03,-18.72E-03
-443.52E-03,-18.72E-03
-442.52E-03,+61.68E-03
-441.52E-03,+41.58E-03
-440.52E-03,+41.58E-03
-439.52E-03,-18.72E-03
-438.52E-03,+1.38E-03
-437.52E-03,+1.38E-03
-436.52E-03,+41.58E-03
-435.52E-03,+1.38E-03
-434.52E-03,+4.88580E+00
-433.52E-03,+4.82550E+00
-432.52E-03,+4.88580E+00
-431.52E-03,+4.86570E+00
-430.52E-03,+4.80540E+00
-429.52E-03,+4.88580E+00
-428.52E-03,+4.88580E+00
-427.52E-03,+4.86570E+00
-426.52E-03,+4.80540E+00
-425.52E-03,+4.88580E+00
-424.52E-03,+4.82550E+00
-423.52E-03,+4.80540E+00
-422.52E-03,+4.80540E+00
-421.52E-03,+4.80540E+00
-420.52E-03,+4.80540E+00
-419.52E-03,+4.80540E+00
-418.52E-03,+4.80540E+00
-417.52E-03,+4.88580E+00
-416.52E-03,+4.86570E+00
-415.52E-03,+4.82550E+00
-414.52E-03,+4.86570E+00
-413.52E-03,+4.86570E+00
-412.52E-03,+4.80540E+00
-411.52E-03,+4.88580E+00
-410.52E-03,+4.82550E+00
-409.52E-03,+4.82550E+00
-408.52E-03,+4.82550E+00
-407.52E-03,+4.80540E+00
-406.52E-03,+4.86570E+00
-405.52E-03,+4.82550E+00
-404.52E-03,+4.82550E+00
-403.52E-03,+4.88580E+00
-402.52E-03,+4.80540E+00
-401.52E-03,+4.80540E+00
-400.52E-03,+4.86570E+00
-399.52E-03,+4.80540E+00
-398.52E-03,+4.80540E+00
-397.52E-03,+4.82550E+00
-396.52E-03,+4.88580E+00
-395.52E-03,+4.80540E+00
-394.52E-03,+4.80540E+00
-393.52E-03,+4.86570E+00
-392.52E-03,+4.82550E+00
-391.52E-03,+4.86570E+00
-390.52E-03,+4.80540E+00
-389.52E-03,+4.80540E+00
-388.52E-03,+4.82550E+00
-387.52E-03,+4.82550E+00
-386.52E-03,+4.86570E+00
-385.52E-03,+4.82550E+00
-384.52E-03,+4.82550E+00
-383.52E-03,+4.86570E+00
-382.52E-03,+4.86570E+00
-381.52E-03,+4.82550E+00
-380.52E-03,+4.82550E+00
-379.52E-03,+4.80540E+00
-378.52E-03,+4.82550E+00
-377.52E-03,+4.80540E+00
-376.52E-03,+4.82550E+00
-375.52E-03,+4.86570E+00
-374.52E-03,+4.86570E+00
-373.52E-03,+4.86570E+00
-372.52E-03,+4.80540E+00
-371.52E-03,+4.80540E+00
-370.52E-03,+4.82550E+00
-369.52E-03,+4.86570E+00
-368.52E-03,+4.82550E+00
-367.52E-03,+4.80540E+00
-366.52E-03,+4.80540E+00
-365.52E-03,+4.82550E+00
-364.52E-03,+4.82550E+00
-363.52E-03,+4.88580E+00
-362.52E-03,+4.80540E+00
-361.52E-03,+4.80540E+00
-360.52E-03,+4.80540E+00
-359.52E-03,+4.86570E+00
-358.52E-03,+4.80540E+00
-357.52E-03,+4.80540E+00
-356.52E-03,+4.82550E+00
-355.52E-03,+4.88580E+00
-354.52E-03,+61.68E-03
-353.52E-03,+41.58E-03
-352.52E-03,+1.38E-03
-351.52E-03,+61.68E-03
-350.52E-03,-18.72E-03
-349.52E-03,+41.58E-03
-348.52E-03,+1.38E-03
-347.52E-03,-18.72E-03
-346.52E-03,-18.72E-03
-345.52E-03,+41.58E-03
-344.52E-03,+1.38E-03
-343.52E-03,+1.38E-03
-342.52E-03,+41.58E-03
-341.52E-03,+61.68E-03
-340.52E-03,-18.72E-03
-339.52E-03,+41.58E-03
-338.52E-03,+41.58E-03
-337.52E-03,+1.38E-03
-336.52E-03,+61.68E-03
-335.52E-03,+61.68E-03
-334.52E-03,+1.38E-03
-333.52E-03,-18.72E-03
-332.52E-03,-18.72E-03
-331.52E-03,+1.38E-03
-330.52E-03,+1.38E-03
-329.52E-03,+41.58E-03
-328.52E-03,+1.38E-03
-327.52E-03,+1.38E-03
-326.52E-03,+61.68E-03
-325.52E-03,+1.38E-03
-324.52E-03,+61.68E-03
-323.52E-03,+1.38E-03
-322.52E-03,-18.72E-03
-321.52E-03,+1.38E-03
-320.52E-03,+41.58E-03
-319.52E-03,-18.72E-03
-318.52E-03,+61.68E-03
-317.52E-03,+41.58E-03
-316.52E-03,-18.72E-03
-315.52E-03,+61.68E-03
-314.52E-03,-18.72E-03
-313.52E-03,+41.58E-03
-312.52E-03,-18.72E-03
-311.52E-03,+41.58E-03
-310.52E-03,+41.58E-03
-309.52E-03,+1.38E-03
-308.52E-03,-18.72E-03
-307.52E-03,+61.68E-03
-306.52E-03,+1.38E-03
-305.52E-03,+1.38E-03
-304.52E-03,-18.72E-03
-303.52E-03,+41.58E-03
-302.52E-03,+41.58E-03
-301.52E-03,-18.72E-03
-300.52E-03,+4.82550E+00
-299.52E-03,+4.80540E+00
-298.52E-03,+4.80540E+00
-297.52E-03,+4.82550E+00
-296.52E-03,+4.80540E+00
-295.52E-03,+4.80540E+00
-294.52E-03,+4.82550E+00
-293.52E-03,+4.80540E+00
-292.52E-03,+4.80540E+00
-291.52E-03,+4.86570E+00
-290.52E-03,+4.80540E+00
-289.52E-03,+4.82550E+00
-288.52E-03,+4.86570E+00
-287.52E-03,+4.82550E+00
-286.52E-03,+4.88580E+00
-285.52E-03,+4.80540E+00
-284.52E-03,+4.86570E+00
-283.52E-03,+4.82550E+00
-282.52E-03,+4.80540E+00
-281.52E-03,+4.86570E+00
-280.52E-03,+4.80540E+00
-279.52E-03,+4.80540E+00
-278.52E-03,+4.80540E+00
-277.52E-03,+4.80540E+00
-276.52E-03,+4.80540E+00
-275.52E-03,+4.88580E+00
-274.52E-03,+4.82550E+00
-273.52E-03,+4.82550E+00
-272.52E-03,+4.88580E+00
-271.52E-03,+4.86570E+00
-270.52E-03,+4.80540E+00
-269.52E-03,+4.80540E+00
-268.52E-03,+4.80540E+00
-267.52E-03,+4.80540E+00
-266.52E-03,+4.86570E+00
-265.52E-03,+4.86570E+00
-264.52E-03,+4.82550E+00
-263.52E-03,+4.88580E+00
-262.52E-03,+4.88580E+00
-261.52E-03,+4.80540E+00
-260.52E-03,+4.80540E+00
-259.52E-03,+4.80540E+00
-258.52E-03,+4.82550E+00
-257.52E-03,+4.80540E+00
-256.52E-03,+4.80540E+00
-255.52E-03,+4.88580E+00
-254.52E-03,+4.86570E+00
-253.52E-03,+4.80540E+00
-252.52E-03,+4.80540E+00
-251.52E-03,+4.80540E+00
-250.52E-03,+4.86570E+00
-249.52E-03,+4.86570E+00
-248.52E-03,+4.86570E+00
-247.52E-03,+4.82550E+00
-246.52E-03,+4.86570E+00
-245.52E-03,+4.88580E+00
-244.52E-03,+4.86570E+00
-243.52E-03,+4.82550E+00
-242.52E-03,+4.80540E+00
-241.52E-03,+4.80540E+00
-240.52E-03,+4.86570E+00
-239.52E-03,+4.80540E+00
-238.52E-03,+4.80540E+00
-237.52E-03,+4.82550E+00
-236.52E-03,+4.80540E+00
-235.52E-03,+4.82550E+00
-234.52E-03,+4.80540E+00
-233.52E-03,+4.82550E+00
-232.52E-03,+4.82550E+00
-231.52E-03,+4.86570E+00
-230.52E-03,+4.86570E+00
-229.52E-03,+4.80540E+00
-228.52E-03,+4.88580E+00
-227.52E-03,+4.80540E+00
-226.52E-03,+4.80540E+00
-225.52E-03,+4.80540E+00
-224.52E-03,+4.82550E+00
-223.52E-03,+4.86570E+00
-222.52E-03,+4.88580E+00
-221.52E-03,+4.80540E+00
-220.52E-03,+4.88580E+00
-219.52E-03,+4.82550E+00
-218.52E-03,+4.80540E+00
-217.52E-03,+4.80540E+00
-216.52E-03,+4.80540E+00
-215.52E-03,+4.80540E+00
-214.52E-03,+4.82550E+00
-213.52E-03,+4.88580E+00
-212.52E-03,+4.80540E+00
-211.52E-03,+4.88580E+00
-210.52E-03,+4.80540E+00
-209.52E-03,+4.80540E+00
-208.52E-03,+4.88580E+00
-207.52E-03,+4.88580E+00
-206.52E-03,+4.82550E+00
-205.52E-03,+4.86570E+00
-204.52E-03,+4.80540E+00
-203.52E-03,+4.80540E+00
-202.52E-03,+4.86570E+00
-201.52E-03,+4.82550E+00
-200.52E-03,+4.86570E+00
-199.52E-03,+4.82550E+00
-198.52E-03,+4.82550E+00
-197.52E-03,+4.80540E+00
-196.52E-03,+4.80540E+00
-195.52E-03,+4.88580E+00
-194.52E-03,+4.82550E+00
-193.52E-03,+4.86570E+00
-192.52E-03,+4.80540E+00
-191.52E-03,+4.80540E+00
-190.52E-03,+4.80540E+00
-189.52E-03,+4.86570E+00
-188.52E-03,+4.80540E+00
-187.52E-03,+4.86570E+00
-186.52E-03,+4.80540E+00
-185.52E-03,+4.80540E+00
-184.52E-03,+4.86570E+00
-183.52E-03,+4.88580E+00
-182.52E-03,+4.80540E+00
-181.52E-03,+4.80540E+00
-180.52E-03,+4.88580E+00
-179.52E-03,+4.86570E+00
-178.52E-03,+4.86570E+00
-177.52E-03,+4.86570E+00
-176.52E-03,+4.88580E+00
-175.52E-03,+4.82550E+00
-174.52E-03,+4.86570E+00
-173.52E-03,+4.86570E+00
-172.52E-03,+4.88580E+00
-171.52E-03,+4.86570E+00
-170.52E-03,+4.88580E+00
-169.52E-03,+4.86570E+00
-168.52E-03,+4.86570E+00
-167.52E-03,+4.86570E+00
-166.52E-03,+4.80540E+00
-165.52E-03,+4.86570E+00
-164.52E-03,+4.88580E+00
-163.52E-03,+4.82550E+00
-162.52E-03,+4.88580E+00
-161.52E-03,+4.80540E+00
-160.52E-03,+4.80540E+00
-159.52E-03,+4.86570E+00
-158.52E-03,+4.80540E+00
-157.52E-03,+4.82550E+00
-156.52E-03,+4.80540E+00
-155.52E-03,+4.80540E+00
-154.52E-03,+4.86570E+00
-153.52E-03,+4.86570E+00
-152.52E-03,+4.80540E+00
-151.52E-03,+4.88580E+00
-150.52E-03,+4.80540E+00
-149.52E-03,+4.82550E+00
-148.52E-03,+4.80540E+00
-147.52E-03,+4.82550E+00
-146.52E-03,+4.80540E+00
-145.52E-03,+4.80540E+00
-144.52E-03,+4.86570E+00
-143.52E-03,+4.86570E+00
-142.52E-03,+4.82550E+00
-141.52E-03,+4.86570E+00
-140.52E-03,+4.88580E+00
-139.52E-03,+4.80540E+00
-138.52E-03,+4.80540E+00
-137.52E-03,+4.80540E+00
-136.52E-03,+4.80540E+00
-135.52E-03,+4.82550E+00
-134.52E-03,+4.82550E+00
-133.52E-03,+4.82550E+00
-132.52E-03,+4.86570E+00
-131.52E-03,+4.80540E+00
-130.52E-03,+4.80540E+00
-129.52E-03,+4.86570E+00
-128.52E-03,+4.86570E+00
-127.52E-03,+4.86570E+00
-126.52E-03,+4.82550E+00
-125.52E-03,+4.82550E+00
-124.52E-03,+4.82550E+00
-123.52E-03,+4.86570E+00
-122.52E-03,+4.88580E+00
-121.52E-03,+4.82550E+00
-120.52E-03,+4.82550E+00
-119.52E-03,+4.80540E+00
-118.52E-03,+4.82550E+00
-117.52E-03,+4.86570E+00
-116.52E-03,+4.80540E+00
-115.52E-03,+4.80540E+00
-114.52E-03,+4.80540E+00
-113.52E-03,+4.82550E+00
-112.52E-03,+4.82550E+00
-111.52E-03,+4.82550E+00
-110.52E-03,+4.88580E+00
-109.52E-03,+4.86570E+00
-108.52E-03,+4.80540E+00
-107.52E-03,+4.86570E+00
-106.52E-03,+4.86570E+00
-105.52E-03,+4.80540E+00
-104.52E-03,+4.86570E+00
-103.52E-03,+4.82550E+00
-102.52E-03,+4.88580E+00
-101.52E-03,+4.88580E+00
-100.52E-03,+4.80540E+00
-99.52E-03,+4.80540E+00
-98.52E-03,+4.80540E+00
-97.52E-03,+4.86570E+00
-96.52E-03,+4.80540E+00
-95.52E-03,+4.86570E+00
-94.52E-03,+4.80540E+00
-93.52E-03,+4.80540E+00
-92.52E-03,+4.88580E+00
-91.52E-03,+4.88580E+00
-90.52E-03,+4.86570E+00
-89.52E-03,+4.88580E+00
-88.52E-03,+4.80540E+00
-87.52E-03,+4.80540E+00
-86.52E-03,+4.82550E+00
-85.52E-03,+4.82550E+00
-84.52E-03,+4.80540E+00
-83.52E-03,+4.80540E+00
-82.52E-03,+4.82550E+00
-81.52E-03,+4.82550E+00
-80.52E-03,+4.80540E+00
-79.52E-03,+4.86570E+00
-78.52E-03,+4.82550E+00
-77.52E-03,+4.74510E+00
-76.52E-03,+4.80540E+00
-75.52E-03,+4.82550E+00
-74.52E-03,+4.82550E+00
-73.52E-03,+4.80540E+00
-72.52E-03,+4.86570E+00
-71.52E-03,+4.82550E+00
-70.52E-03,+4.82550E+00
-69.52E-03,+4.86570E+00
-68.52E-03,+4.88580E+00
-67.52E-03,+4.88580E+00
-66.52E-03,+4.80540E+00
-65.52E-03,+4.82550E+00
-64.52E-03,+4.86570E+00
-63.52E-03,+4.88580E+00
-62.52E-03,+4.80540E+00
-61.52E-03,+1.38E-03
-60.52E-03,+61.68E-03
-59.52E-03,+61.68E-03
-58.52E-03,+41.58E-03
-57.52E-03,+1.38E-03
-56.52E-03,+41.58E-03
-55.52E-03,+41.58E-03
-54.52E-03,+1.38E-03
-53.52E-03,-18.72E-03
-52.52E-03,+41.58E-03
-51.52E-03,+1.38E-03
-50.52E-03,+41.58E-03
-49.52E-03,+1.38E-03
-48.52E-03,+1.38E-03
-47.52E-03,+41.58E-03
-46.52E-03,+61.68E-03
-45.52E-03,-18.72E-03
-44.52E-03,+61.68E-03
-43.52E-03,+1.38E-03
-42.52E-03,+41.58E-03
-41.52E-03,+1.38E-03
-40.52E-03,+41.58E-03
-39.52E-03,-18.72E-03
-38.52E-03,+41.58E-03
-37.52E-03,+41.58E-03
-36.52E-03,-18.72E-03
-35.52E-03,+41.58E-03
-34.52E-03,+61.68E-03
-33.52E-03,+41.58E-03
-32.52E-03,+41.58E-03
-31.52E-03,-18.72E-03
-30.52E-03,+41.58E-03
-29.52E-03,-18.72E-03
-28.52E-03,-18.72E-03
-27.52E-03,-18.72E-03
-26.52E-03,+61.68E-03
-25.52E-03,+41.58E-03
-24.52E-03,-18.72E-03
-23.52E-03,-18.72E-03
-22.52E-03,+41.58E-03
-21.52E-03,+1.38E-03
-20.52E-03,+1.38E-03
-19.52E-03,+1.38E-03
-18.52E-03,+41.58E-03
-17.52E-03,-18.72E-03
-16.52E-03,+61.68E-03
-15.52E-03,+61.68E-03
-14.52E-03,+41.58E-03
-13.52E-03,+1.38E-03
-12.52E-03,+1.38E-03
-11.52E-03,+1.38E-03
-10.52E-03,+61.68E-03
-9.52E-03,+1.38E-03
-8.52E-03,+41.58E-03
-7.52E-03,-18.72E-03
-6.52E-03,+1.38E-03
-5.52E-03,+1.38E-03
-4.52E-03,+61.68E-03
-3.52E-03,-18.72E-03
-2.52E-03,+41.58E-03
-1.52E-03,-18.72E-03
-520E-06,+41.58E-03
+480E-06,+4.88580E+00
+1.48E-03,+4.80540E+00
+2.48E-03,+4.80540E+00
+3.48E-03,+4.80540E+00
+4.48E-03,+4.80540E+00
+5.48E-03,+4.86570E+00
+6.48E-03,+4.80540E+00
+7.48E-03,+4.80540E+00
+8.48E-03,+4.88580E+00
+9.48E-03,+4.86570E+00
+10.48E-03,+4.82550E+00
+11.48E-03,+4.80540E+00
+12.48E-03,+4.82550E+00
+13.48E-03,+4.82550E+00
+14.48E-03,+4.88580E+00
+15.48E-03,+4.86570E+00
+16.48E-03,+4.80540E+00
+17.48E-03,+4.88580E+00
+18.48E-03,+4.86570E+00
+19.48E-03,+4.88580E+00
+20.48E-03,+4.80540E+00
+21.48E-03,+4.88580E+00
+22.48E-03,+4.88580E+00
+23.48E-03,+4.82550E+00
+24.48E-03,+4.88580E+00
+25.48E-03,+4.80540E+00
+26.48E-03,+4.82550E+00
+27.48E-03,+4.82550E+00
+28.48E-03,+4.82550E+00
+29.48E-03,+4.88580E+00
+30.48E-03,+4.82550E+00
+31.48E-03,+4.82550E+00
+32.48E-03,+4.86570E+00
+33.48E-03,+4.80540E+00
+34.48E-03,+4.86570E+00
+35.48E-03,+4.82550E+00
+36.48E-03,+4.86570E+00
+37.48E-03,+4.88580E+00
+38.48E-03,+4.86570E+00
+39.48E-03,+4.80540E+00
+40.48E-03,+4.80540E+00
+41.48E-03,+4.86570E+00
+42.48E-03,+4.80540E+00
+43.48E-03,+4.86570E+00
+44.48E-03,+4.86570E+00
+45.48E-03,+4.88580E+00
+46.48E-03,+4.80540E+00
+47.48E-03,+4.80540E+00
+48.48E-03,+4.80540E+00
+49.48E-03,+4.82550E+00
+50.48E-03,+4.80540E+00
+51.48E-03,+4.80540E+00
+52.48E-03,+4.86570E+00
+53.48E-03,+4.80540E+00
+54.48E-03,+4.86570E+00
+55.48E-03,+4.80540E+00
+56.48E-03,+4.86570E+00
+57.48E-03,+4.82550E+00
+58.48E-03,+4.86570E+00
+59.48E-03,+4.82550E+00
+60.48E-03,+4.82550E+00
+61.48E-03,+4.82550E+00
+62.48E-03,+4.86570E+00
+63.48E-03,+4.82550E+00
+64.48E-03,+4.82550E+00
+65.48E-03,+4.86570E+00
+66.48E-03,+4.80540E+00
+67.48E-03,+4.82550E+00
+68.48E-03,+4.82550E+00
+69.48E-03,+4.80540E+00
+70.48E-03,+4.80540E+00
+71.48E-03,+4.80540E+00
+72.48E-03,+4.88580E+00
+73.48E-03,+4.80540E+00
+74.48E-03,+4.80540E+00
+75.48E-03,+4.86570E+00
+76.48E-03,+4.86570E+00
+77.48E-03,+4.82550E+00
+78.48E-03,+4.80540E+00
+79.48E-03,+4.80540E+00
+80.48E-03,+4.80540E+00
+81.48E-03,+4.88580E+00
+82.48E-03,+4.86570E+00
+83.48E-03,+4.80540E+00
+84.48E-03,+4.82550E+00
+85.48E-03,+4.82550E+00
+86.48E-03,+4.88580E+00
+87.48E-03,+4.80540E+00
+88.48E-03,+4.82550E+00
+89.48E-03,+4.80540E+00
+90.48E-03,+4.80540E+00
+91.48E-03,+4.82550E+00
+92.48E-03,+4.80540E+00
+93.48E-03,+4.86570E+00
+94.48E-03,+4.80540E+00
+95.48E-03,+4.80540E+00
+96.48E-03,+4.80540E+00
+97.48E-03,+4.88580E+00
+98.48E-03,+4.88580E+00
+99.48E-03,+4.82550E+00
+100.48E-03,+4.80540E+00
+101.48E-03,+4.80540E+00
+102.48E-03,+4.80540E+00
+103.48E-03,+4.82550E+00
+104.48E-03,+4.80540E+00
+105.48E-03,+4.86570E+00
+106.48E-03,+4.80540E+00
+107.48E-03,+4.80540E+00
+108.48E-03,+4.82550E+00
+109.48E-03,+4.80540E+00
+110.48E-03,+4.80540E+00
+111.48E-03,+4.86570E+00
+112.48E-03,+4.80540E+00
+113.48E-03,+4.80540E+00
+114.48E-03,+4.80540E+00
+115.48E-03,+4.82550E+00
+116.48E-03,+4.88580E+00
+117.48E-03,+4.80540E+00
+118.48E-03,+4.88580E+00
+119.48E-03,+4.80540E+00
+120.48E-03,+4.80540E+00
+121.48E-03,+4.80540E+00
+122.48E-03,+4.88580E+00
+123.48E-03,+4.82550E+00
+124.48E-03,+4.80540E+00
+125.48E-03,+4.80540E+00
+126.48E-03,+4.88580E+00
+127.48E-03,+4.86570E+00
+128.48E-03,+4.80540E+00
+129.48E-03,+4.80540E+00
+130.48E-03,+4.82550E+00
+131.48E-03,+4.82550E+00
+132.48E-03,+4.80540E+00
+133.48E-03,+4.88580E+00
+134.48E-03,+4.80540E+00
+135.48E-03,+4.80540E+00
+136.48E-03,+4.88580E+00
+137.48E-03,+4.82550E+00
+138.48E-03,+4.88580E+00
+139.48E-03,+4.86570E+00
+140.48E-03,+4.80540E+00
+141.48E-03,+4.80540E+00
+142.48E-03,+4.80540E+00
+143.48E-03,+4.88580E+00
+144.48E-03,+4.86570E+00
+145.48E-03,+4.80540E+00
+146.48E-03,+4.88580E+00
+147.48E-03,+4.80540E+00
+148.48E-03,+4.82550E+00
+149.48E-03,+4.82550E+00
+150.48E-03,+4.74510E+00
+151.48E-03,+4.86570E+00
+152.48E-03,+4.80540E+00
+153.48E-03,+4.80540E+00
+154.48E-03,+4.86570E+00
+155.48E-03,+4.86570E+00
+156.48E-03,+4.88580E+00
+157.48E-03,+4.80540E+00
+158.48E-03,+4.80540E+00
+159.48E-03,+4.80540E+00
+160.48E-03,+4.80540E+00
+161.48E-03,+4.80540E+00
+162.48E-03,+4.80540E+00
+163.48E-03,+4.80540E+00
+164.48E-03,+4.80540E+00
+165.48E-03,+4.80540E+00
+166.48E-03,+4.82550E+00
+167.48E-03,+4.88580E+00
+168.48E-03,+4.80540E+00
+169.48E-03,+4.86570E+00
+170.48E-03,+4.82550E+00
+171.48E-03,+4.82550E+00
+172.48E-03,+4.82550E+00
+173.48E-03,+4.82550E+00
+174.48E-03,+4.80540E+00
+175.48E-03,+4.86570E+00
+176.48E-03,+4.80540E+00
+177.48E-03,+4.86570E+00
+178.48E-03,+4.80540E+00
+179.48E-03,+4.82550E+00
+180.48E-03,+4.86570E+00
+181.48E-03,+4.82550E+00
+182.48E-03,+4.80540E+00
+183.48E-03,+4.88580E+00
+184.48E-03,+4.86570E+00
+185.48E-03,+4.88580E+00
+186.48E-03,+4.82550E+00
+187.48E-03,+4.80540E+00
+188.48E-03,+4.80540E+00
+189.48E-03,+4.80540E+00
+190.48E-03,+4.80540E+00
+191.48E-03,+4.88580E+00
+192.48E-03,+4.86570E+00
+193.48E-03,+4.80540E+00
+194.48E-03,+4.80540E+00
+195.48E-03,+4.82550E+00
+196.48E-03,+4.80540E+00
+197.48E-03,+4.82550E+00
+198.48E-03,+4.80540E+00
+199.48E-03,+4.86570E+00
+200.48E-03,+4.80540E+00
+201.48E-03,+4.86570E+00
+202.48E-03,+4.86570E+00
+203.48E-03,+4.80540E+00
+204.48E-03,+4.82550E+00
+205.48E-03,+4.80540E+00
+206.48E-03,+4.82550E+00
+207.48E-03,+4.80540E+00
+208.48E-03,+4.80540E+00
+209.48E-03,+4.80540E+00
+210.48E-03,+4.82550E+00
+211.48E-03,+4.88580E+00
+212.48E-03,+4.82550E+00
+213.48E-03,+4.80540E+00
+214.48E-03,+4.88580E+00
+215.48E-03,+4.80540E+00
+216.48E-03,+4.86570E+00
+217.48E-03,+4.82550E+00
+218.48E-03,+4.80540E+00
+219.48E-03,+4.82550E+00
+220.48E-03,+4.80540E+00
+221.48E-03,+4.82550E+00
+222.48E-03,+4.86570E+00
+223.48E-03,+4.86570E+00
+224.48E-03,+4.82550E+00
+225.48E-03,+4.86570E+00
+226.48E-03,+4.82550E+00
+227.48E-03,+4.80540E+00
+228.48E-03,+4.82550E+00
+229.48E-03,+4.80540E+00
+230.48E-03,+4.86570E+00
+231.48E-03,+4.82550E+00
+232.48E-03,+4.82550E+00
+233.48E-03,+4.82550E+00
+234.48E-03,+4.80540E+00
+235.48E-03,+4.88580E+00
+236.48E-03,+4.82550E+00
+237.48E-03,+4.88580E+00
+238.48E-03,+41.58E-03
+239.48E-03,+1.38E-03
+240.48E-03,-18.72E-03
+241.48E-03,+61.68E-03
+242.48E-03,-18.72E-03
+243.48E-03,-18.72E-03
+244.48E-03,+41.58E-03
+245.48E-03,+1.38E-03
+246.48E-03,+41.58E-03
+247.48E-03,-18.72E-03
+248.48E-03,-18.72E-03
+249.48E-03,-18.72E-03
+250.48E-03,+1.38E-03
+251.48E-03,+61.68E-03
+252.48E-03,+1.38E-03
+253.48E-03,-18.72E-03
+254.48E-03,-18.72E-03
+255.48E-03,+41.58E-03
+256.48E-03,-18.72E-03
+257.48E-03,-18.72E-03
+258.48E-03,+61.68E-03
+259.48E-03,+41.58E-03
+260.48E-03,+1.38E-03
+261.48E-03,+61.68E-03
+262.48E-03,+61.68E-03
+263.48E-03,+61.68E-03
+264.48E-03,-18.72E-03
+265.48E-03,+1.38E-03
+266.48E-03,+61.68E-03
+267.48E-03,+1.38E-03
+268.48E-03,-18.72E-03
+269.48E-03,+1.38E-03
+270.48E-03,+1.38E-03
+271.48E-03,+61.68E-03
+272.48E-03,+1.38E-03
+273.48E-03,+41.58E-03
+274.48E-03,+41.58E-03
+275.48E-03,-18.72E-03
+276.48E-03,+41.58E-03
+277.48E-03,-18.72E-03
+278.48E-03,+41.58E-03
+279.48E-03,+1.38E-03
+280.48E-03,-18.72E-03
+281.48E-03,+1.38E-03
+282.48E-03,+4.80540E+00
+283.48E-03,+4.80540E+00
+284.48E-03,+4.88580E+00
+285.48E-03,+4.88580E+00
+286.48E-03,+4.80540E+00
+287.48E-03,+4.86570E+00
+288.48E-03,+4.86570E+00
+289.48E-03,+4.80540E+00
+290.48E-03,+4.82550E+00
+291.48E-03,+4.88580E+00
+292.48E-03,+4.80540E+00
+293.48E-03,+4.80540E+00
+294.48E-03,+4.86570E+00
+295.48E-03,+4.88580E+00
+296.48E-03,+4.80540E+00
+297.48E-03,+4.86570E+00
+298.48E-03,+4.82550E+00
+299.48E-03,+4.80540E+00
+300.48E-03,+4.80540E+00
+301.48E-03,+4.80540E+00
+302.48E-03,+4.80540E+00
+303.48E-03,+4.80540E+00
+304.48E-03,+4.86570E+00
+305.48E-03,+4.80540E+00
+306.48E-03,+4.86570E+00
+307.48E-03,+4.80540E+00
+308.48E-03,+4.80540E+00
+309.48E-03,+4.80540E+00
+310.48E-03,+4.80540E+00
+311.48E-03,+4.80540E+00
+312.48E-03,+4.86570E+00
+313.48E-03,+4.86570E+00
+314.48E-03,+4.80540E+00
+315.48E-03,+4.80540E+00
+316.48E-03,+4.86570E+00
+317.48E-03,+4.80540E+00
+318.48E-03,+4.80540E+00
+319.48E-03,+4.86570E+00
+320.48E-03,+4.88580E+00
+321.48E-03,+4.80540E+00
+322.48E-03,+4.82550E+00
+323.48E-03,+4.82550E+00
+324.48E-03,+4.86570E+00
+325.48E-03,+4.80540E+00
+326.48E-03,+4.80540E+00
+327.48E-03,+4.80540E+00
+328.48E-03,+4.80540E+00
+329.48E-03,+4.80540E+00
+330.48E-03,+4.86570E+00
+331.48E-03,+4.80540E+00
+332.48E-03,+4.80540E+00
+333.48E-03,+4.80540E+00
+334.48E-03,+4.80540E+00
+335.48E-03,+4.80540E+00
+336.48E-03,+4.80540E+00
+337.48E-03,+4.80540E+00
+338.48E-03,+4.86570E+00
+339.48E-03,+4.82550E+00
+340.48E-03,+4.80540E+00
+341.48E-03,+4.86570E+00
+342.48E-03,+4.80540E+00
+343.48E-03,+4.86570E+00
+344.48E-03,+4.82550E+00
+345.48E-03,+4.80540E+00
+346.48E-03,+4.80540E+00
+347.48E-03,+4.86570E+00
+348.48E-03,+4.80540E+00
+349.48E-03,+4.80540E+00
+350.48E-03,+4.80540E+00
+351.48E-03,+4.86570E+00
+352.48E-03,+4.86570E+00
+353.48E-03,+4.82550E+00
+354.48E-03,+4.86570E+00
+355.48E-03,+4.86570E+00
+356.48E-03,+4.86570E+00
+357.48E-03,+4.80540E+00
+358.48E-03,+4.86570E+00
+359.48E-03,+4.80540E+00
+360.48E-03,+4.86570E+00
+361.48E-03,+4.80540E+00
+362.48E-03,+4.80540E+00
+363.48E-03,+4.80540E+00
+364.48E-03,+4.86570E+00
+365.48E-03,+4.86570E+00
+366.48E-03,+4.80540E+00
+367.48E-03,+4.80540E+00
+368.48E-03,+4.88580E+00
+369.48E-03,+4.80540E+00
+370.48E-03,+4.86570E+00
+371.48E-03,+4.80540E+00
+372.48E-03,+4.80540E+00
+373.48E-03,+4.86570E+00
+374.48E-03,+4.86570E+00
+375.48E-03,+4.86570E+00
+376.48E-03,+4.86570E+00
+377.48E-03,+4.86570E+00
+378.48E-03,+4.82550E+00
+379.48E-03,+4.80540E+00
+380.48E-03,+4.82550E+00
+381.48E-03,+4.80540E+00
+382.48E-03,+4.82550E+00
+383.48E-03,+4.88580E+00
+384.48E-03,+4.80540E+00
+385.48E-03,+4.80540E+00
+386.48E-03,+4.80540E+00
+387.48E-03,+4.80540E+00
+388.48E-03,+4.88580E+00
+389.48E-03,+4.88580E+00
+390.48E-03,+4.80540E+00
+391.48E-03,+4.86570E+00
+392.48E-03,+4.80540E+00
+393.48E-03,+4.88580E+00
+394.48E-03,+4.80540E+00
+395.48E-03,+4.82550E+00
+396.48E-03,+4.86570E+00
+397.48E-03,+4.88580E+00
+398.48E-03,+4.82550E+00
+399.48E-03,+4.88580E+00
+400.48E-03,+4.82550E+00
+401.48E-03,+4.88580E+00
+402.48E-03,+4.88580E+00
+403.48E-03,+4.80540E+00
+404.48E-03,+4.80540E+00
+405.48E-03,+4.80540E+00
+406.48E-03,+4.82550E+00
+407.48E-03,+4.86570E+00
+408.48E-03,+4.80540E+00
+409.48E-03,+4.80540E+00
+410.48E-03,+4.82550E+00
+411.48E-03,+4.86570E+00
+412.48E-03,+4.80540E+00
+413.48E-03,+4.82550E+00
+414.48E-03,+4.82550E+00
+415.48E-03,+4.88580E+00
+416.48E-03,+4.82550E+00
+417.48E-03,+4.82550E+00
+418.48E-03,+4.86570E+00
+419.48E-03,+4.82550E+00
+420.48E-03,+4.82550E+00
+421.48E-03,+4.80540E+00
+422.48E-03,+4.82550E+00
+423.48E-03,+4.86570E+00
+424.48E-03,+4.82550E+00
+425.48E-03,+4.88580E+00
+426.48E-03,+4.82550E+00
+427.48E-03,+4.86570E+00
+428.48E-03,+4.80540E+00
+429.48E-03,+4.82550E+00
+430.48E-03,+4.80540E+00
+431.48E-03,+4.88580E+00
+432.48E-03,+4.82550E+00
+433.48E-03,+4.80540E+00
+434.48E-03,+4.86570E+00
+435.48E-03,+4.80540E+00
+436.48E-03,+4.82550E+00
+437.48E-03,+4.80540E+00
+438.48E-03,+4.82550E+00
+439.48E-03,+4.80540E+00
+440.48E-03,+4.86570E+00
+441.48E-03,+4.86570E+00
+442.48E-03,+4.88580E+00
+443.48E-03,+4.82550E+00
+444.48E-03,+4.88580E+00
+445.48E-03,+4.80540E+00
+446.48E-03,+4.80540E+00
+447.48E-03,+4.86570E+00
+448.48E-03,+4.86570E+00
+449.48E-03,+4.80540E+00
+450.48E-03,+4.82550E+00
+451.48E-03,+4.82550E+00
+452.48E-03,+4.80540E+00
+453.48E-03,+4.82550E+00
+454.48E-03,+4.80540E+00
+455.48E-03,+4.86570E+00
+456.48E-03,+4.80540E+00
+457.48E-03,+4.80540E+00
+458.48E-03,+4.82550E+00
+459.48E-03,+4.80540E+00
+460.48E-03,+4.88580E+00
+461.48E-03,+4.80540E+00
+462.48E-03,+4.88580E+00
+463.48E-03,+4.80540E+00
+464.48E-03,+4.80540E+00
+465.48E-03,+4.80540E+00
+466.48E-03,+4.80540E+00
+467.48E-03,+4.80540E+00
+468.48E-03,+4.86570E+00
+469.48E-03,+4.80540E+00
+470.48E-03,+4.86570E+00
+471.48E-03,+4.80540E+00
+472.48E-03,+4.86570E+00
+473.48E-03,+4.80540E+00
+474.48E-03,+4.80540E+00
+475.48E-03,+4.82550E+00
+476.48E-03,+4.86570E+00
+477.48E-03,+4.82550E+00
+478.48E-03,+4.80540E+00
+479.48E-03,+4.86570E+00
+480.48E-03,+4.80540E+00
+481.48E-03,+4.80540E+00
+482.48E-03,+4.82550E+00
+483.48E-03,+4.88580E+00
+484.48E-03,+4.82550E+00
+485.48E-03,+4.80540E+00
+486.48E-03,+4.80540E+00
+487.48E-03,+4.88580E+00
+488.48E-03,+4.82550E+00
+489.48E-03,+4.86570E+00
+490.48E-03,+4.88580E+00
+491.48E-03,+4.88580E+00
+492.48E-03,+4.86570E+00
+493.48E-03,+4.80540E+00
+494.48E-03,+4.86570E+00
+495.48E-03,+4.82550E+00
+496.48E-03,+4.86570E+00
+497.48E-03,+4.80540E+00
+498.48E-03,+4.80540E+00
+499.48E-03,+4.80540E+00
+500.48E-03,+4.86570E+00
+501.48E-03,+4.80540E+00
+502.48E-03,+4.86570E+00
+503.48E-03,+4.80540E+00
+504.48E-03,+4.82550E+00
+505.48E-03,+4.80540E+00
+506.48E-03,+4.82550E+00
+507.48E-03,+4.86570E+00
+508.48E-03,+4.82550E+00
+509.48E-03,+4.80540E+00
+510.48E-03,+4.80540E+00
+511.48E-03,+4.80540E+00
+512.48E-03,+4.86570E+00
+513.48E-03,+4.82550E+00
+514.48E-03,+4.80540E+00
+515.48E-03,+4.86570E+00
+516.48E-03,+4.86570E+00
+517.48E-03,+4.86570E+00
+518.48E-03,+4.80540E+00
+519.48E-03,+4.80540E+00
+520.48E-03,+4.82550E+00
+521.48E-03,+4.86570E+00
+522.48E-03,+4.80540E+00
+523.48E-03,+4.82550E+00
+524.48E-03,+4.80540E+00
+525.48E-03,+4.82550E+00
+526.48E-03,+4.80540E+00
+527.48E-03,+4.80540E+00
+528.48E-03,+4.80540E+00
+529.48E-03,+4.80540E+00
+530.48E-03,+4.80540E+00
+531.48E-03,+4.80540E+00
+532.48E-03,+4.80540E+00
+533.48E-03,+4.82550E+00
+534.48E-03,+4.82550E+00
+535.48E-03,+4.86570E+00
+536.48E-03,+4.82550E+00
+537.48E-03,+4.82550E+00
+538.48E-03,+4.86570E+00
+539.48E-03,+4.86570E+00
+540.48E-03,+4.80540E+00
+541.48E-03,+4.82550E+00
+542.48E-03,+4.80540E+00
+543.48E-03,+4.82550E+00
+544.48E-03,+4.80540E+00
+545.48E-03,+4.80540E+00
+546.48E-03,+4.86570E+00
+547.48E-03,+4.80540E+00
+548.48E-03,+4.80540E+00
+549.48E-03,+4.80540E+00
+550.48E-03,+4.86570E+00
+551.48E-03,+4.82550E+00
+552.48E-03,+4.80540E+00
+553.48E-03,+4.80540E+00
+554.48E-03,+4.82550E+00
+555.48E-03,+4.80540E+00
+556.48E-03,+4.82550E+00
+557.48E-03,+4.80540E+00
+558.48E-03,+4.82550E+00
+559.48E-03,+4.80540E+00
+560.48E-03,+4.82550E+00
+561.48E-03,+4.88580E+00
+562.48E-03,+4.86570E+00
+563.48E-03,+4.86570E+00
+564.48E-03,+4.88580E+00
+565.48E-03,+4.80540E+00
+566.48E-03,+4.86570E+00
+567.48E-03,+4.80540E+00
+568.48E-03,+4.86570E+00
+569.48E-03,+4.86570E+00
+570.48E-03,+4.86570E+00
+571.48E-03,+4.86570E+00
+572.48E-03,+4.80540E+00
+573.48E-03,+4.88580E+00
+574.48E-03,+4.80540E+00
+575.48E-03,+4.80540E+00
+576.48E-03,+4.80540E+00
+577.48E-03,+4.86570E+00
+578.48E-03,+4.82550E+00
+579.48E-03,+4.80540E+00
+580.48E-03,+4.86570E+00
+581.48E-03,+4.80540E+00
+582.48E-03,+4.86570E+00
+583.48E-03,+4.86570E+00
+584.48E-03,+4.80540E+00
+585.48E-03,+4.80540E+00
+586.48E-03,+4.80540E+00
+587.48E-03,+4.82550E+00
+588.48E-03,+4.86570E+00
+589.48E-03,+4.82550E+00
+590.48E-03,+4.80540E+00
+591.48E-03,+4.86570E+00
+592.48E-03,+4.80540E+00
+593.48E-03,+4.86570E+00
+594.48E-03,+4.80540E+00
+595.48E-03,+4.86570E+00
+596.48E-03,+4.86570E+00
+597.48E-03,+4.80540E+00
+598.48E-03,+4.80540E+00
+599.48E-03,+4.80540E+00
+600.48E-03,+4.82550E+00
+601.48E-03,+4.82550E+00
+602.48E-03,+4.80540E+00
+603.48E-03,+4.82550E+00
+604.48E-03,+4.82550E+00
+605.48E-03,+4.80540E+00
+606.48E-03,+4.80540E+00
+607.48E-03,+4.86570E+00
+608.48E-03,+4.80540E+00
+609.48E-03,+4.80540E+00
+610.48E-03,+4.80540E+00
+611.48E-03,+4.80540E+00
+612.48E-03,+4.86570E+00
+613.48E-03,+4.86570E+00
+614.48E-03,+4.80540E+00
+615.48E-03,+4.80540E+00
+616.48E-03,+4.86570E+00
+617.48E-03,+4.80540E+00
+618.48E-03,+4.86570E+00
+619.48E-03,+4.86570E+00
+620.48E-03,+4.86570E+00
+621.48E-03,+4.82550E+00
+622.48E-03,+4.80540E+00
+623.48E-03,+4.82550E+00
+624.48E-03,+4.88580E+00
+625.48E-03,+4.82550E+00
+626.48E-03,+4.80540E+00
+627.48E-03,+4.82550E+00
+628.48E-03,+4.80540E+00
+629.48E-03,+4.80540E+00
+630.48E-03,+4.82550E+00
+631.48E-03,+4.86570E+00
+632.48E-03,+4.80540E+00
+633.48E-03,+4.80540E+00
+634.48E-03,+4.88580E+00
+635.48E-03,+4.86570E+00
+636.48E-03,+4.86570E+00
+637.48E-03,+4.80540E+00
+638.48E-03,+4.80540E+00
+639.48E-03,+4.86570E+00
+640.48E-03,+4.80540E+00
+641.48E-03,+4.82550E+00
+642.48E-03,+4.86570E+00
+643.48E-03,+4.80540E+00
+644.48E-03,+4.80540E+00
+645.48E-03,+4.80540E+00
+646.48E-03,+4.82550E+00
+647.48E-03,+4.80540E+00
+648.48E-03,+4.88580E+00
+649.48E-03,+4.88580E+00
+650.48E-03,+4.80540E+00
+651.48E-03,+4.80540E+00
+652.48E-03,+4.80540E+00
+653.48E-03,+4.82550E+00
+654.48E-03,+4.86570E+00
+655.48E-03,+4.86570E+00
+656.48E-03,+4.86570E+00
+657.48E-03,+4.82550E+00
+658.48E-03,+4.80540E+00
+659.48E-03,+4.80540E+00
+660.48E-03,+4.88580E+00
+661.48E-03,+4.80540E+00
+662.48E-03,+4.80540E+00
+663.48E-03,+4.82550E+00
+664.48E-03,+4.86570E+00
+665.48E-03,+4.82550E+00
+666.48E-03,+4.86570E+00
+667.48E-03,+4.80540E+00
+668.48E-03,+4.82550E+00
+669.48E-03,+4.80540E+00
+670.48E-03,+4.86570E+00
+671.48E-03,+4.88580E+00
+672.48E-03,+4.86570E+00
+673.48E-03,+4.80540E+00
+674.48E-03,+4.80540E+00
+675.48E-03,+4.80540E+00
+676.48E-03,+4.86570E+00
+677.48E-03,+4.82550E+00
+678.48E-03,+4.80540E+00
+679.48E-03,+4.86570E+00
+680.48E-03,+4.82550E+00
+681.48E-03,+4.86570E+00
+682.48E-03,+4.82550E+00
+683.48E-03,+4.86570E+00
+684.48E-03,+4.80540E+00
+685.48E-03,+4.82550E+00
+686.48E-03,+4.88580E+00
+687.48E-03,+4.80540E+00
+688.48E-03,+4.80540E+00
+689.48E-03,+4.80540E+00
+690.48E-03,+4.86570E+00
+691.48E-03,+4.86570E+00
+692.48E-03,+4.80540E+00
+693.48E-03,+4.80540E+00
+694.48E-03,+4.80540E+00
+695.48E-03,+4.86570E+00
+696.48E-03,+4.80540E+00
+697.48E-03,+4.88580E+00
+698.48E-03,+4.88580E+00
+699.48E-03,+4.82550E+00
+700.48E-03,+4.86570E+00
+701.48E-03,+4.86570E+00
+702.48E-03,+4.80540E+00
+703.48E-03,+4.86570E+00
+704.48E-03,+4.80540E+00
+705.48E-03,+4.86570E+00
+706.48E-03,+4.80540E+00
+707.48E-03,+4.86570E+00
+708.48E-03,+4.82550E+00
+709.48E-03,+4.88580E+00
+710.48E-03,+4.80540E+00
+711.48E-03,+4.86570E+00
+712.48E-03,+4.82550E+00
+713.48E-03,+4.80540E+00
+714.48E-03,+4.80540E+00
+715.48E-03,+4.86570E+00
+716.48E-03,+4.86570E+00
+717.48E-03,+4.80540E+00
+718.48E-03,+4.80540E+00
+719.48E-03,+4.80540E+00
+720.48E-03,+4.80540E+00
+721.48E-03,+4.86570E+00
+722.48E-03,+4.86570E+00
+723.48E-03,+4.88580E+00
+724.48E-03,+4.86570E+00
+725.48E-03,+4.80540E+00
+726.48E-03,+4.80540E+00
+727.48E-03,+4.86570E+00
+728.48E-03,+4.86570E+00
+729.48E-03,+4.86570E+00
+730.48E-03,+4.86570E+00
+731.48E-03,+4.80540E+00
+732.48E-03,+4.82550E+00
+733.48E-03,+4.86570E+00
+734.48E-03,+4.80540E+00
+735.48E-03,+4.80540E+00
+736.48E-03,+4.80540E+00
+737.48E-03,+4.86570E+00
+738.48E-03,+4.80540E+00
+739.48E-03,+4.86570E+00
+740.48E-03,+4.80540E+00
+741.48E-03,+4.80540E+00
+742.48E-03,+4.80540E+00
+743.48E-03,+4.88580E+00
+744.48E-03,+4.88580E+00
+745.48E-03,+4.80540E+00
+746.48E-03,+4.80540E+00
+747.48E-03,+4.82550E+00
+748.48E-03,+4.88580E+00
+749.48E-03,+4.88580E+00
+750.48E-03,+4.82550E+00
+751.48E-03,+4.86570E+00
+752.48E-03,+4.88580E+00
+753.48E-03,+4.86570E+00
+754.48E-03,+4.82550E+00
+755.48E-03,+4.88580E+00
+756.48E-03,+4.80540E+00
+757.48E-03,+4.80540E+00
+758.48E-03,+4.80540E+00
+759.48E-03,+4.86570E+00
+760.48E-03,+4.88580E+00
+761.48E-03,+4.86570E+00
+762.48E-03,+4.82550E+00
+763.48E-03,+4.80540E+00
+764.48E-03,+4.80540E+00
+765.48E-03,+4.88580E+00
+766.48E-03,+4.80540E+00
+767.48E-03,+1.38E-03
+768.48E-03,-18.72E-03
+769.48E-03,+61.68E-03
+770.48E-03,+41.58E-03
+771.48E-03,+61.68E-03
+772.48E-03,+1.38E-03
+773.48E-03,+41.58E-03
+774.48E-03,+41.58E-03
+775.48E-03,-18.72E-03
+776.48E-03,+61.68E-03
+777.48E-03,-18.72E-03
+778.48E-03,-18.72E-03
+779.48E-03,-18.72E-03
+780.48E-03,-18.72E-03
+781.48E-03,-18.72E-03
+782.48E-03,+61.68E-03
+783.48E-03,+1.38E-03
+784.48E-03,+61.68E-03
+785.48E-03,-18.72E-03
+786.48E-03,+41.58E-03
+787.48E-03,+1.38E-03
+788.48E-03,+1.38E-03
+789.48E-03,-18.72E-03
+790.48E-03,-18.72E-03
+791.48E-03,+61.68E-03
+792.48E-03,-18.72E-03
+793.48E-03,-18.72E-03
+794.48E-03,-18.72E-03
+795.48E-03,+41.58E-03
+796.48E-03,+41.58E-03
+797.48E-03,-18.72E-03
+798.48E-03,-18.72E-03
+799.48E-03,+61.68E-03
+800.48E-03,+61.68E-03
+801.48E-03,-18.72E-03
+802.48E-03,-18.72E-03
+803.48E-03,+1.38E-03
+804.48E-03,-18.72E-03
+805.48E-03,-18.72E-03
+806.48E-03,+61.68E-03
+807.48E-03,+41.58E-03
+808.48E-03,-18.72E-03
+809.48E-03,+41.58E-03
+810.48E-03,+1.38E-03
+811.48E-03,+61.68E-03
+812.48E-03,-18.72E-03
+813.48E-03,-18.72E-03
+814.48E-03,-18.72E-03
+815.48E-03,-18.72E-03
+816.48E-03,+41.58E-03
+817.48E-03,+4.80540E+00
+818.48E-03,+4.80540E+00
+819.48E-03,+4.82550E+00
+820.48E-03,+4.86570E+00
+821.48E-03,+4.80540E+00
+822.48E-03,+4.82550E+00
+823.48E-03,+4.82550E+00
+824.48E-03,+4.88580E+00
+825.48E-03,+4.88580E+00
+826.48E-03,+4.80540E+00
+827.48E-03,+4.86570E+00
+828.48E-03,+4.82550E+00
+829.48E-03,+4.82550E+00
+830.48E-03,+4.80540E+00
+831.48E-03,+4.80540E+00
+832.48E-03,+4.82550E+00
+833.48E-03,+4.86570E+00
+834.48E-03,+4.86570E+00
+835.48E-03,+4.86570E+00
+836.48E-03,+4.80540E+00
+837.48E-03,+4.86570E+00
+838.48E-03,+4.80540E+00
+839.48E-03,+4.80540E+00
+840.48E-03,+4.80540E+00
+841.48E-03,+4.80540E+00
+842.48E-03,+4.86570E+00
+843.48E-03,+4.80540E+00
+844.48E-03,+4.82550E+00
+845.48E-03,+4.80540E+00
+846.48E-03,+4.80540E+00
+847.48E-03,+4.82550E+00
+848.48E-03,+4.80540E+00
+849.48E-03,+4.80540E+00
+850.48E-03,+4.80540E+00
+851.48E-03,+4.80540E+00
+852.48E-03,+4.82550E+00
+853.48E-03,+4.86570E+00
+854.48E-03,+4.86570E+00
+855.48E-03,+4.82550E+00
+856.48E-03,+4.80540E+00
+857.48E-03,+4.80540E+00
+858.48E-03,+4.82550E+00
+859.48E-03,+4.88580E+00
+860.48E-03,+4.80540E+00
+861.48E-03,+4.82550E+00
+862.48E-03,+4.82550E+00
+863.48E-03,+4.86570E+00
+864.48E-03,+4.86570E+00
+865.48E-03,+4.80540E+00
+866.48E-03,+4.86570E+00
+867.48E-03,+4.80540E+00
+868.48E-03,+4.80540E+00
+869.48E-03,+4.80540E+00
+870.48E-03,+4.86570E+00
+871.48E-03,+4.82550E+00
+872.48E-03,+4.88580E+00
+873.48E-03,+4.82550E+00
+874.48E-03,+4.80540E+00
+875.48E-03,+4.88580E+00
+876.48E-03,+4.82550E+00
+877.48E-03,+4.86570E+00
+878.48E-03,+4.80540E+00
+879.48E-03,+4.80540E+00
+880.48E-03,+4.86570E+00
+881.48E-03,+4.88580E+00
+882.48E-03,+4.82550E+00
+883.48E-03,+4.86570E+00
+884.48E-03,+4.82550E+00
+885.48E-03,+4.80540E+00
+886.48E-03,+4.80540E+00
+887.48E-03,+4.80540E+00
+888.48E-03,+4.82550E+00
+889.48E-03,+4.82550E+00
+890.48E-03,+4.86570E+00
+891.48E-03,+4.82550E+00
+892.48E-03,+4.80540E+00
+893.48E-03,+4.88580E+00
+894.48E-03,+4.80540E+00
+895.48E-03,+4.86570E+00
+896.48E-03,+4.82550E+00
+897.48E-03,+4.80540E+00
+898.48E-03,+4.80540E+00
+899.48E-03,+4.82550E+00
+900.48E-03,+4.80540E+00
+901.48E-03,+4.86570E+00
+902.48E-03,+4.82550E+00
+903.48E-03,+4.82550E+00
+904.48E-03,+4.86570E+00
+905.48E-03,+4.82550E+00
+906.48E-03,+4.88580E+00
+907.48E-03,+4.86570E+00
+908.48E-03,+4.88580E+00
+909.48E-03,+4.86570E+00
+910.48E-03,+4.86570E+00
+911.48E-03,+4.88580E+00
+912.48E-03,+4.86570E+00
+913.48E-03,+4.82550E+00
+914.48E-03,+4.80540E+00
+915.48E-03,+4.82550E+00
+916.48E-03,+4.80540E+00
+917.48E-03,+4.88580E+00
+918.48E-03,+4.86570E+00
+919.48E-03,+4.80540E+00
+920.48E-03,+4.80540E+00
+921.48E-03,+4.88580E+00
+922.48E-03,+4.86570E+00
+923.48E-03,+4.80540E+00
+924.48E-03,+4.88580E+00
+925.48E-03,+4.82550E+00
+926.48E-03,+4.82550E+00
+927.48E-03,+4.80540E+00
+928.48E-03,+4.80540E+00
+929.48E-03,+4.82550E+00
+930.48E-03,+4.80540E+00
+931.48E-03,+4.88580E+00
+932.48E-03,+4.86570E+00
+933.48E-03,+4.80540E+00
+934.48E-03,+4.82550E+00
+935.48E-03,+4.78530E+00
+936.48E-03,+4.80540E+00
+937.48E-03,+4.86570E+00
+938.48E-03,+4.80540E+00
+939.48E-03,+4.80540E+00
+940.48E-03,+4.80540E+00
+941.48E-03,+4.82550E+00
+942.48E-03,+4.82550E+00
+943.48E-03,+4.82550E+00
+944.48E-03,+4.82550E+00
+945.48E-03,+4.80540E+00
+946.48E-03,+4.88580E+00
+947.48E-03,+4.80540E+00
+948.48E-03,+4.86570E+00
+949.48E-03,+4.82550E+00
+950.48E-03,+4.80540E+00
+951.48E-03,+4.88580E+00
+952.48E-03,+4.80540E+00
+953.48E-03,+4.86570E+00
+954.48E-03,+4.82550E+00
+955.48E-03,+4.88580E+00
+956.48E-03,+4.86570E+00
+957.48E-03,+61.68E-03
+958.48E-03,-18.72E-03
+959.48E-03,-18.72E-03
+960.48E-03,-18.72E-03
+961.48E-03,+41.58E-03
+962.48E-03,+61.68E-03
+963.48E-03,-18.72E-03
+964.48E-03,+61.68E-03
+965.48E-03,+41.58E-03
+966.48E-03,+1.38E-03
+967.48E-03,+41.58E-03
+968.48E-03,+1.38E-03
+969.48E-03,+61.68E-03
+970.48E-03,+61.68E-03
+971.48E-03,-18.72E-03
+972.48E-03,-18.72E-03
+973.48E-03,+61.68E-03
+974.48E-03,-18.72E-03
+975.48E-03,+41.58E-03
+976.48E-03,-18.72E-03
+977.48E-03,+61.68E-03
+978.48E-03,+61.68E-03
+979.48E-03,+61.68E-03
+980.48E-03,+41.58E-03
+981.48E-03,-18.72E-03
+982.48E-03,-18.72E-03
+983.48E-03,+1.38E-03
+984.48E-03,-18.72E-03
+985.48E-03,+1.38E-03
+986.48E-03,-18.72E-03
+987.48E-03,+1.38E-03
+988.48E-03,-18.72E-03
+989.48E-03,+41.58E-03
+990.48E-03,-18.72E-03
+991.48E-03,+1.38E-03
+992.48E-03,+41.58E-03
+993.48E-03,-18.72E-03
+994.48E-03,+61.68E-03
+995.48E-03,+61.68E-03
+996.48E-03,+1.38E-03
+997.48E-03,+41.58E-03
+998.48E-03,+1.38E-03
+999.48E-03,+1.38E-03
+1.00048E+00,-18.72E-03
+1.00148E+00,+41.58E-03
+1.00248E+00,+41.58E-03
+1.00348E+00,+41.58E-03
+1.00448E+00,+4.82550E+00
+1.00548E+00,+4.88580E+00
+1.00648E+00,
